,source,target,value
0,0,23,0.5
1,5,28,0.0012135922330097086
2,5,29,0.0012135922330097086
3,5,30,0.0012135922330097086
4,5,31,0.0012135922330097086
5,5,32,0.0012135922330097086
6,5,33,0.0012135922330097086
7,5,34,0.0012135922330097086
8,5,35,0.0012135922330097086
9,5,36,0.0012135922330097086
10,5,37,0.0012135922330097086
11,5,38,0.0012135922330097086
12,5,39,0.0012135922330097086
13,5,40,0.0012135922330097086
14,5,41,0.0012135922330097086
15,5,42,0.0012135922330097086
16,5,43,0.0012135922330097086
17,5,44,0.0012135922330097086
18,5,45,0.0012135922330097086
19,5,46,0.0012135922330097086
20,5,47,0.0012135922330097086
21,5,48,0.0012135922330097086
22,5,49,0.0012135922330097086
23,5,50,0.0012135922330097086
24,5,51,0.0012135922330097086
25,5,52,0.0012135922330097086
26,5,53,0.0012135922330097086
27,5,54,0.0012135922330097086
28,5,55,0.0012135922330097086
29,5,56,0.0012135922330097086
30,5,57,0.0012135922330097086
31,5,58,0.0012135922330097086
32,5,59,0.0012135922330097086
33,5,60,0.0012135922330097086
34,5,61,0.0012135922330097086
35,5,62,0.0012135922330097086
36,5,63,0.0012135922330097086
37,5,64,0.0012135922330097086
38,5,65,0.0012135922330097086
39,5,66,0.0012135922330097086
40,5,67,0.0012135922330097086
41,5,68,0.0012135922330097086
42,5,69,0.0012135922330097086
43,5,70,0.0012135922330097086
44,5,71,0.0012135922330097086
45,5,72,0.0012135922330097086
46,5,73,0.0012135922330097086
47,5,74,0.0012135922330097086
48,5,75,0.0012135922330097086
49,5,76,0.0012135922330097086
50,5,77,0.0012135922330097086
51,5,78,0.0012135922330097086
52,5,79,0.0012135922330097086
53,5,80,0.0012135922330097086
54,5,81,0.0012135922330097086
55,5,82,0.0012135922330097086
56,5,83,0.0012135922330097086
57,5,84,0.0012135922330097086
58,5,85,0.0012135922330097086
59,5,86,0.0012135922330097086
60,5,87,0.0012135922330097086
61,5,88,0.0012135922330097086
62,5,89,0.0012135922330097086
63,5,90,0.0012135922330097086
64,5,91,0.0012135922330097086
65,5,92,0.0012135922330097086
66,5,93,0.0012135922330097086
67,5,94,0.0012135922330097086
68,5,95,0.0012135922330097086
69,5,96,0.0012135922330097086
70,5,97,0.0012135922330097086
71,5,98,0.0012135922330097086
72,5,99,0.0012135922330097086
73,5,100,0.0012135922330097086
74,5,101,0.0012135922330097086
75,5,102,0.0012135922330097086
76,5,103,0.0012135922330097086
77,5,104,0.0012135922330097086
78,5,105,0.0012135922330097086
79,5,106,0.0012135922330097086
80,5,107,0.0012135922330097086
81,5,108,0.0012135922330097086
82,5,109,0.0012135922330097086
83,5,110,0.0012135922330097086
84,5,111,0.0012135922330097086
85,5,112,0.0012135922330097086
86,5,113,0.0012135922330097086
87,5,114,0.0012135922330097086
88,5,115,0.0012135922330097086
89,5,116,0.0012135922330097086
90,5,117,0.0012135922330097086
91,5,118,0.0012135922330097086
92,5,119,0.0012135922330097086
93,5,120,0.0012135922330097086
94,5,121,0.0012135922330097086
95,5,122,0.0012135922330097086
96,5,123,0.0012135922330097086
97,5,124,0.0012135922330097086
98,5,125,0.0012135922330097086
99,5,126,0.0012135922330097086
100,5,127,0.0012135922330097086
101,5,128,0.0012135922330097086
102,5,129,0.0012135922330097086
103,5,130,0.0012135922330097086
104,5,131,0.0012135922330097086
105,5,132,0.0012135922330097086
106,5,133,0.0012135922330097086
107,5,134,0.0012135922330097086
108,5,135,0.0012135922330097086
109,5,136,0.0012135922330097086
110,5,137,0.0012135922330097086
111,5,138,0.0012135922330097086
112,5,139,0.0012135922330097086
113,5,140,0.0012135922330097086
114,5,141,0.0012135922330097086
115,5,142,0.0012135922330097086
116,5,143,0.0012135922330097086
117,5,144,0.0012135922330097086
118,5,145,0.0012135922330097086
119,5,146,0.0012135922330097086
120,5,147,0.0012135922330097086
121,5,148,0.0012135922330097086
122,5,149,0.0012135922330097086
123,5,150,0.0012135922330097086
124,5,151,0.0012135922330097086
125,5,152,0.0012135922330097086
126,5,153,0.0012135922330097086
127,5,154,0.0012135922330097086
128,5,155,0.0012135922330097086
129,5,156,0.0012135922330097086
130,5,157,0.0012135922330097086
131,5,158,0.0012135922330097086
132,5,159,0.0012135922330097086
133,5,160,0.0012135922330097086
134,5,161,0.0012135922330097086
135,5,162,0.0012135922330097086
136,5,163,0.0012135922330097086
137,5,164,0.0012135922330097086
138,5,165,0.0012135922330097086
139,5,166,0.0012135922330097086
140,5,167,0.0012135922330097086
141,5,168,0.0012135922330097086
142,5,169,0.0012135922330097086
143,5,170,0.0012135922330097086
144,5,171,0.0012135922330097086
145,5,172,0.0012135922330097086
146,5,173,0.0012135922330097086
147,5,174,0.0012135922330097086
148,5,175,0.0012135922330097086
149,5,176,0.0012135922330097086
150,5,177,0.0012135922330097086
151,5,178,0.0012135922330097086
152,5,179,0.0012135922330097086
153,5,180,0.0012135922330097086
154,5,181,0.0012135922330097086
155,5,182,0.0012135922330097086
156,5,183,0.0012135922330097086
157,5,184,0.0012135922330097086
158,5,185,0.0012135922330097086
159,5,186,0.0012135922330097086
160,5,187,0.0012135922330097086
161,5,188,0.0012135922330097086
162,5,189,0.0012135922330097086
163,5,190,0.0012135922330097086
164,5,191,0.0012135922330097086
165,5,192,0.0012135922330097086
166,5,193,0.0012135922330097086
167,5,194,0.0012135922330097086
168,5,195,0.0012135922330097086
169,5,196,0.0012135922330097086
170,5,197,0.0012135922330097086
171,5,198,0.0012135922330097086
172,5,199,0.0012135922330097086
173,5,200,0.0012135922330097086
174,5,201,0.0012135922330097086
175,5,202,0.0012135922330097086
176,5,203,0.0012135922330097086
177,5,204,0.0012135922330097086
178,5,205,0.0012135922330097086
179,5,206,0.0012135922330097086
180,5,207,0.0012135922330097086
181,5,208,0.0012135922330097086
182,5,209,0.0012135922330097086
183,5,210,0.0012135922330097086
184,5,211,0.0012135922330097086
185,5,212,0.0012135922330097086
186,5,213,0.0012135922330097086
187,5,214,0.0012135922330097086
188,5,215,0.0012135922330097086
189,5,216,0.0012135922330097086
190,5,217,0.0012135922330097086
191,5,218,0.0012135922330097086
192,5,219,0.0012135922330097086
193,5,220,0.0012135922330097086
194,5,221,0.0012135922330097086
195,5,222,0.0012135922330097086
196,5,223,0.0012135922330097086
197,5,224,0.0012135922330097086
198,5,225,0.0012135922330097086
199,5,226,0.0012135922330097086
200,5,227,0.0012135922330097086
201,5,228,0.0012135922330097086
202,5,229,0.0012135922330097086
203,5,230,0.0012135922330097086
204,5,231,0.0012135922330097086
205,5,232,0.0012135922330097086
206,5,233,0.0012135922330097086
207,5,234,0.0012135922330097086
208,5,235,0.0012135922330097086
209,5,236,0.0012135922330097086
210,5,237,0.0012135922330097086
211,5,238,0.0012135922330097086
212,5,239,0.0012135922330097086
213,5,240,0.0012135922330097086
214,5,241,0.0012135922330097086
215,5,242,0.0012135922330097086
216,5,243,0.0012135922330097086
217,5,244,0.0012135922330097086
218,5,245,0.0012135922330097086
219,5,246,0.0012135922330097086
220,5,247,0.0012135922330097086
221,5,248,0.0012135922330097086
222,5,249,0.0012135922330097086
223,5,250,0.0012135922330097086
224,5,251,0.0012135922330097086
225,5,252,0.0012135922330097086
226,5,253,0.0012135922330097086
227,5,254,0.0012135922330097086
228,5,255,0.0012135922330097086
229,5,256,0.0012135922330097086
230,5,257,0.0012135922330097086
231,5,258,0.0012135922330097086
232,5,259,0.0012135922330097086
233,5,260,0.0012135922330097086
234,5,261,0.0012135922330097086
235,5,262,0.0012135922330097086
236,5,263,0.0012135922330097086
237,5,264,0.0012135922330097086
238,5,265,0.0012135922330097086
239,5,266,0.0012135922330097086
240,5,267,0.0012135922330097086
241,5,268,0.0012135922330097086
242,5,269,0.0012135922330097086
243,5,270,0.0012135922330097086
244,5,271,0.0012135922330097086
245,5,272,0.0012135922330097086
246,5,273,0.0012135922330097086
247,5,274,0.0012135922330097086
248,5,275,0.0012135922330097086
249,5,276,0.0012135922330097086
250,5,277,0.0012135922330097086
251,5,278,0.0012135922330097086
252,5,279,0.0012135922330097086
253,5,280,0.0012135922330097086
254,5,281,0.0012135922330097086
255,5,282,0.0012135922330097086
256,5,283,0.0012135922330097086
257,5,284,0.0012135922330097086
258,5,285,0.0012135922330097086
259,5,286,0.0012135922330097086
260,5,287,0.0012135922330097086
261,5,288,0.0012135922330097086
262,5,289,0.0012135922330097086
263,5,290,0.0012135922330097086
264,5,291,0.0012135922330097086
265,5,292,0.0012135922330097086
266,5,293,0.0012135922330097086
267,5,294,0.0012135922330097086
268,5,295,0.0012135922330097086
269,5,296,0.0012135922330097086
270,5,297,0.0012135922330097086
271,5,298,0.0012135922330097086
272,5,299,0.0012135922330097086
273,5,300,0.0012135922330097086
274,5,301,0.0012135922330097086
275,5,302,0.0012135922330097086
276,5,303,0.0012135922330097086
277,5,304,0.0012135922330097086
278,5,305,0.0012135922330097086
279,5,306,0.0012135922330097086
280,5,307,0.0012135922330097086
281,5,308,0.0012135922330097086
282,5,309,0.0012135922330097086
283,5,310,0.0012135922330097086
284,5,311,0.0012135922330097086
285,5,312,0.0012135922330097086
286,5,313,0.0012135922330097086
287,5,314,0.0012135922330097086
288,5,315,0.0012135922330097086
289,5,316,0.0012135922330097086
290,5,317,0.0012135922330097086
291,5,318,0.0012135922330097086
292,5,319,0.0012135922330097086
293,5,320,0.0012135922330097086
294,5,321,0.0012135922330097086
295,5,322,0.0012135922330097086
296,5,323,0.0012135922330097086
297,5,324,0.0012135922330097086
298,5,325,0.0012135922330097086
299,5,326,0.0012135922330097086
300,5,327,0.0012135922330097086
301,5,328,0.0012135922330097086
302,5,329,0.0012135922330097086
303,5,330,0.0012135922330097086
304,5,331,0.0012135922330097086
305,5,332,0.0012135922330097086
306,5,333,0.0012135922330097086
307,5,334,0.0012135922330097086
308,5,335,0.0012135922330097086
309,5,336,0.0012135922330097086
310,5,337,0.0012135922330097086
311,5,338,0.0012135922330097086
312,5,339,0.0012135922330097086
313,5,340,0.0012135922330097086
314,5,341,0.0012135922330097086
315,5,342,0.0012135922330097086
316,5,343,0.0012135922330097086
317,5,344,0.0012135922330097086
318,5,345,0.0012135922330097086
319,5,346,0.0012135922330097086
320,5,347,0.0012135922330097086
321,5,348,0.0012135922330097086
322,5,349,0.0012135922330097086
323,5,350,0.0012135922330097086
324,5,351,0.0012135922330097086
325,5,352,0.0012135922330097086
326,5,353,0.0012135922330097086
327,5,354,0.0012135922330097086
328,5,355,0.0012135922330097086
329,5,356,0.0012135922330097086
330,5,357,0.0012135922330097086
331,5,358,0.0012135922330097086
332,5,359,0.0012135922330097086
333,5,360,0.0012135922330097086
334,5,361,0.0012135922330097086
335,5,362,0.0012135922330097086
336,5,363,0.0012135922330097086
337,5,364,0.0012135922330097086
338,5,365,0.0012135922330097086
339,5,366,0.0012135922330097086
340,5,367,0.0012135922330097086
341,5,368,0.0012135922330097086
342,5,369,0.0012135922330097086
343,5,370,0.0012135922330097086
344,5,371,0.0012135922330097086
345,5,372,0.0012135922330097086
346,5,373,0.0012135922330097086
347,5,374,0.0012135922330097086
348,5,375,0.0012135922330097086
349,5,376,0.0012135922330097086
350,5,377,0.0012135922330097086
351,5,378,0.0012135922330097086
352,5,379,0.0012135922330097086
353,5,380,0.0012135922330097086
354,5,381,0.0012135922330097086
355,5,382,0.0012135922330097086
356,5,383,0.0012135922330097086
357,5,384,0.0012135922330097086
358,5,385,0.0012135922330097086
359,5,386,0.0012135922330097086
360,5,387,0.0012135922330097086
361,5,388,0.0012135922330097086
362,5,389,0.0012135922330097086
363,5,390,0.0012135922330097086
364,5,391,0.0012135922330097086
365,5,392,0.0012135922330097086
366,5,393,0.0012135922330097086
367,5,394,0.0012135922330097086
368,5,395,0.0012135922330097086
369,5,396,0.0012135922330097086
370,5,397,0.0012135922330097086
371,5,398,0.0012135922330097086
372,5,399,0.0012135922330097086
373,5,400,0.0012135922330097086
374,5,401,0.0012135922330097086
375,5,402,0.0012135922330097086
376,5,403,0.0012135922330097086
377,5,404,0.0012135922330097086
378,5,405,0.0012135922330097086
379,5,406,0.0012135922330097086
380,5,407,0.0012135922330097086
381,5,408,0.0012135922330097086
382,5,409,0.0012135922330097086
383,5,410,0.0012135922330097086
384,5,411,0.0012135922330097086
385,5,412,0.0012135922330097086
386,5,413,0.0012135922330097086
387,5,414,0.0012135922330097086
388,5,415,0.0012135922330097086
389,5,416,0.0012135922330097086
390,5,417,0.0012135922330097086
391,5,418,0.0012135922330097086
392,5,419,0.0012135922330097086
393,5,420,0.0012135922330097086
394,5,421,0.0012135922330097086
395,5,422,0.0012135922330097086
396,5,423,0.0012135922330097086
397,5,424,0.0012135922330097086
398,5,425,0.0012135922330097086
399,5,426,0.0012135922330097086
400,5,427,0.0012135922330097086
401,5,428,0.0012135922330097086
402,5,429,0.0012135922330097086
403,5,430,0.0012135922330097086
404,5,431,0.0012135922330097086
405,5,432,0.0012135922330097086
406,5,433,0.0012135922330097086
407,5,434,0.0012135922330097086
408,5,435,0.0012135922330097086
409,5,436,0.0012135922330097086
410,5,437,0.0012135922330097086
411,5,438,0.0012135922330097086
412,5,439,0.0012135922330097086
413,5,440,0.0012135922330097086
414,5,441,0.0012135922330097086
415,5,442,0.0012135922330097086
416,5,443,0.0012135922330097086
417,5,444,0.0012135922330097086
418,5,445,0.0012135922330097086
419,5,446,0.0012135922330097086
420,5,447,0.0012135922330097086
421,5,448,0.0012135922330097086
422,5,449,0.0012135922330097086
423,5,450,0.0012135922330097086
424,5,451,0.0012135922330097086
425,5,452,0.0012135922330097086
426,5,453,0.0012135922330097086
427,5,454,0.0012135922330097086
428,5,455,0.0012135922330097086
429,5,456,0.0012135922330097086
430,5,457,0.0012135922330097086
431,5,458,0.0012135922330097086
432,5,459,0.0012135922330097086
433,5,460,0.0012135922330097086
434,5,461,0.0012135922330097086
435,5,462,0.0012135922330097086
436,5,463,0.0012135922330097086
437,5,464,0.0012135922330097086
438,5,465,0.0012135922330097086
439,5,466,0.0012135922330097086
440,5,467,0.0012135922330097086
441,5,468,0.0012135922330097086
442,5,469,0.0012135922330097086
443,5,470,0.0012135922330097086
444,5,471,0.0012135922330097086
445,5,472,0.0012135922330097086
446,5,473,0.0012135922330097086
447,5,474,0.0012135922330097086
448,5,475,0.0012135922330097086
449,5,476,0.0012135922330097086
450,5,477,0.0012135922330097086
451,5,478,0.0012135922330097086
452,5,479,0.0012135922330097086
453,5,480,0.0012135922330097086
454,5,481,0.0012135922330097086
455,5,482,0.0012135922330097086
456,5,483,0.0012135922330097086
457,5,484,0.0012135922330097086
458,5,485,0.0012135922330097086
459,5,486,0.0012135922330097086
460,5,487,0.0012135922330097086
461,5,488,0.0012135922330097086
462,5,489,0.0012135922330097086
463,5,490,0.0012135922330097086
464,5,491,0.0012135922330097086
465,5,492,0.0012135922330097086
466,5,493,0.0012135922330097086
467,5,494,0.0012135922330097086
468,5,495,0.0012135922330097086
469,5,496,0.0012135922330097086
470,5,497,0.0012135922330097086
471,5,498,0.0012135922330097086
472,5,499,0.0012135922330097086
473,5,500,0.0012135922330097086
474,5,501,0.0012135922330097086
475,5,502,0.0012135922330097086
476,5,503,0.0012135922330097086
477,5,504,0.0012135922330097086
478,5,505,0.0012135922330097086
479,5,506,0.0012135922330097086
480,5,507,0.0012135922330097086
481,5,508,0.0012135922330097086
482,5,509,0.0012135922330097086
483,5,510,0.0012135922330097086
484,5,511,0.0012135922330097086
485,5,512,0.0012135922330097086
486,5,513,0.0012135922330097086
487,5,514,0.0012135922330097086
488,5,515,0.0012135922330097086
489,5,516,0.0012135922330097086
490,5,517,0.0012135922330097086
491,5,518,0.0012135922330097086
492,5,519,0.0012135922330097086
493,5,520,0.0012135922330097086
494,5,521,0.0012135922330097086
495,5,522,0.0012135922330097086
496,5,523,0.0012135922330097086
497,5,524,0.0012135922330097086
498,5,525,0.0012135922330097086
499,5,526,0.0012135922330097086
500,5,527,0.0012135922330097086
501,5,528,0.0012135922330097086
502,5,529,0.0012135922330097086
503,5,530,0.0012135922330097086
504,5,531,0.0012135922330097086
505,5,532,0.0012135922330097086
506,5,533,0.0012135922330097086
507,5,534,0.0012135922330097086
508,5,535,0.0012135922330097086
509,5,536,0.0012135922330097086
510,5,537,0.0012135922330097086
511,5,538,0.0012135922330097086
512,5,539,0.0012135922330097086
513,5,540,0.0012135922330097086
514,5,541,0.0012135922330097086
515,5,542,0.0012135922330097086
516,5,543,0.0012135922330097086
517,5,544,0.0012135922330097086
518,5,545,0.0012135922330097086
519,5,546,0.0012135922330097086
520,5,547,0.0012135922330097086
521,5,548,0.0012135922330097086
522,5,549,0.0012135922330097086
523,5,550,0.0012135922330097086
524,5,551,0.0012135922330097086
525,5,552,0.0012135922330097086
526,5,553,0.0012135922330097086
527,5,554,0.0012135922330097086
528,5,555,0.0012135922330097086
529,5,556,0.0012135922330097086
530,5,557,0.0012135922330097086
531,5,558,0.0012135922330097086
532,5,559,0.0012135922330097086
533,5,560,0.0012135922330097086
534,5,561,0.0012135922330097086
535,5,562,0.0012135922330097086
536,5,563,0.0012135922330097086
537,5,564,0.0012135922330097086
538,5,565,0.0012135922330097086
539,5,566,0.0012135922330097086
540,5,567,0.0012135922330097086
541,5,568,0.0012135922330097086
542,5,569,0.0012135922330097086
543,5,570,0.0012135922330097086
544,5,571,0.0012135922330097086
545,5,572,0.0012135922330097086
546,5,573,0.0012135922330097086
547,5,574,0.0012135922330097086
548,5,575,0.0012135922330097086
549,5,576,0.0012135922330097086
550,5,577,0.0012135922330097086
551,5,578,0.0012135922330097086
552,5,579,0.0012135922330097086
553,5,580,0.0012135922330097086
554,5,581,0.0012135922330097086
555,5,582,0.0012135922330097086
556,5,583,0.0012135922330097086
557,5,584,0.0012135922330097086
558,5,585,0.0012135922330097086
559,5,586,0.0012135922330097086
560,5,587,0.0012135922330097086
561,5,588,0.0012135922330097086
562,5,589,0.0012135922330097086
563,5,590,0.0012135922330097086
564,5,591,0.0012135922330097086
565,5,592,0.0012135922330097086
566,5,593,0.0012135922330097086
567,5,594,0.0012135922330097086
568,5,595,0.0012135922330097086
569,5,596,0.0012135922330097086
570,5,597,0.0012135922330097086
571,5,598,0.0012135922330097086
572,5,599,0.0012135922330097086
573,5,600,0.0012135922330097086
574,5,601,0.0012135922330097086
575,5,602,0.0012135922330097086
576,5,603,0.0012135922330097086
577,5,604,0.0012135922330097086
578,5,605,0.0012135922330097086
579,5,606,0.0012135922330097086
580,5,607,0.0012135922330097086
581,5,608,0.0012135922330097086
582,5,609,0.0012135922330097086
583,5,610,0.0012135922330097086
584,5,611,0.0012135922330097086
585,5,612,0.0012135922330097086
586,5,613,0.0012135922330097086
587,5,614,0.0012135922330097086
588,5,615,0.0012135922330097086
589,5,616,0.0012135922330097086
590,5,617,0.0012135922330097086
591,5,618,0.0012135922330097086
592,5,619,0.0012135922330097086
593,5,620,0.0012135922330097086
594,5,621,0.0012135922330097086
595,5,622,0.0012135922330097086
596,5,623,0.0012135922330097086
597,5,624,0.0012135922330097086
598,5,625,0.0012135922330097086
599,5,626,0.0012135922330097086
600,5,627,0.0012135922330097086
601,5,628,0.0012135922330097086
602,5,629,0.0012135922330097086
603,5,630,0.0012135922330097086
604,5,631,0.0012135922330097086
605,5,632,0.0012135922330097086
606,5,633,0.0012135922330097086
607,5,634,0.0012135922330097086
608,5,635,0.0012135922330097086
609,5,636,0.0012135922330097086
610,5,637,0.0012135922330097086
611,5,638,0.0012135922330097086
612,5,639,0.0012135922330097086
613,5,640,0.0012135922330097086
614,5,641,0.0012135922330097086
615,5,642,0.0012135922330097086
616,5,643,0.0012135922330097086
617,5,644,0.0012135922330097086
618,5,645,0.0012135922330097086
619,5,646,0.0012135922330097086
620,5,647,0.0012135922330097086
621,5,648,0.0012135922330097086
622,5,649,0.0012135922330097086
623,5,650,0.0012135922330097086
624,5,651,0.0012135922330097086
625,5,652,0.0012135922330097086
626,5,653,0.0012135922330097086
627,5,654,0.0012135922330097086
628,5,655,0.0012135922330097086
629,5,656,0.0012135922330097086
630,5,657,0.0012135922330097086
631,5,658,0.0012135922330097086
632,5,659,0.0012135922330097086
633,5,660,0.0012135922330097086
634,5,661,0.0012135922330097086
635,5,662,0.0012135922330097086
636,5,663,0.0012135922330097086
637,5,664,0.0012135922330097086
638,5,665,0.0012135922330097086
639,5,666,0.0012135922330097086
640,5,667,0.0012135922330097086
641,5,668,0.0012135922330097086
642,5,669,0.0012135922330097086
643,5,670,0.0012135922330097086
644,5,671,0.0012135922330097086
645,5,672,0.0012135922330097086
646,5,673,0.0012135922330097086
647,5,674,0.0012135922330097086
648,5,675,0.0012135922330097086
649,5,676,0.0012135922330097086
650,5,677,0.0012135922330097086
651,5,678,0.0012135922330097086
652,5,679,0.0012135922330097086
653,5,680,0.0012135922330097086
654,5,681,0.0012135922330097086
655,5,682,0.0012135922330097086
656,5,683,0.0012135922330097086
657,5,684,0.0012135922330097086
658,5,685,0.0012135922330097086
659,5,686,0.0012135922330097086
660,5,687,0.0012135922330097086
661,5,688,0.0012135922330097086
662,5,689,0.0012135922330097086
663,5,690,0.0012135922330097086
664,5,691,0.0012135922330097086
665,5,692,0.0012135922330097086
666,5,693,0.0012135922330097086
667,5,694,0.0012135922330097086
668,5,695,0.0012135922330097086
669,5,696,0.0012135922330097086
670,5,697,0.0012135922330097086
671,5,698,0.0012135922330097086
672,5,699,0.0012135922330097086
673,5,700,0.0012135922330097086
674,5,701,0.0012135922330097086
675,5,702,0.0012135922330097086
676,5,703,0.0012135922330097086
677,5,704,0.0012135922330097086
678,5,705,0.0012135922330097086
679,5,706,0.0012135922330097086
680,5,707,0.0012135922330097086
681,5,708,0.0012135922330097086
682,5,709,0.0012135922330097086
683,5,710,0.0012135922330097086
684,5,711,0.0012135922330097086
685,5,712,0.0012135922330097086
686,5,713,0.0012135922330097086
687,5,714,0.0012135922330097086
688,5,715,0.0012135922330097086
689,5,716,0.0012135922330097086
690,5,717,0.0012135922330097086
691,5,718,0.0012135922330097086
692,5,719,0.0012135922330097086
693,5,720,0.0012135922330097086
694,5,721,0.0012135922330097086
695,5,722,0.0012135922330097086
696,5,723,0.0012135922330097086
697,5,724,0.0012135922330097086
698,5,725,0.0012135922330097086
699,5,726,0.0012135922330097086
700,5,727,0.0012135922330097086
701,5,728,0.0012135922330097086
702,5,729,0.0012135922330097086
703,5,730,0.0012135922330097086
704,5,731,0.0012135922330097086
705,5,732,0.0012135922330097086
706,5,733,0.0012135922330097086
707,5,734,0.0012135922330097086
708,5,735,0.0012135922330097086
709,5,736,0.0012135922330097086
710,5,737,0.0012135922330097086
711,5,738,0.0012135922330097086
712,5,739,0.0012135922330097086
713,5,740,0.0012135922330097086
714,5,741,0.0012135922330097086
715,5,742,0.0012135922330097086
716,5,743,0.0012135922330097086
717,5,744,0.0012135922330097086
718,5,745,0.0012135922330097086
719,5,746,0.0012135922330097086
720,5,747,0.0012135922330097086
721,5,748,0.0012135922330097086
722,5,749,0.0012135922330097086
723,5,750,0.0012135922330097086
724,5,751,0.0012135922330097086
725,5,752,0.0012135922330097086
726,5,753,0.0012135922330097086
727,5,754,0.0012135922330097086
728,5,755,0.0012135922330097086
729,5,756,0.0012135922330097086
730,5,757,0.0012135922330097086
731,5,758,0.0012135922330097086
732,5,759,0.0012135922330097086
733,5,760,0.0012135922330097086
734,5,761,0.0012135922330097086
735,5,762,0.0012135922330097086
736,5,763,0.0012135922330097086
737,5,764,0.0012135922330097086
738,5,765,0.0012135922330097086
739,5,766,0.0012135922330097086
740,5,767,0.0012135922330097086
741,5,768,0.0012135922330097086
742,5,769,0.0012135922330097086
743,5,770,0.0012135922330097086
744,5,771,0.0012135922330097086
745,5,772,0.0012135922330097086
746,5,773,0.0012135922330097086
747,5,774,0.0012135922330097086
748,5,775,0.0012135922330097086
749,5,776,0.0012135922330097086
750,5,777,0.0012135922330097086
751,5,778,0.0012135922330097086
752,5,779,0.0012135922330097086
753,5,780,0.0012135922330097086
754,5,781,0.0012135922330097086
755,5,782,0.0012135922330097086
756,5,783,0.0012135922330097086
757,5,784,0.0012135922330097086
758,5,785,0.0012135922330097086
759,5,786,0.0012135922330097086
760,5,787,0.0012135922330097086
761,5,788,0.0012135922330097086
762,5,789,0.0012135922330097086
763,5,790,0.0012135922330097086
764,5,791,0.0012135922330097086
765,5,792,0.0012135922330097086
766,5,793,0.0012135922330097086
767,5,794,0.0012135922330097086
768,5,795,0.0012135922330097086
769,5,796,0.0012135922330097086
770,5,797,0.0012135922330097086
771,5,798,0.0012135922330097086
772,5,799,0.0012135922330097086
773,5,800,0.0012135922330097086
774,5,801,0.0012135922330097086
775,5,802,0.0012135922330097086
776,5,803,0.0012135922330097086
777,5,804,0.0012135922330097086
778,5,805,0.0012135922330097086
779,5,806,0.0012135922330097086
780,5,807,0.0012135922330097086
781,5,808,0.0012135922330097086
782,5,809,0.0012135922330097086
783,5,810,0.0012135922330097086
784,5,811,0.0012135922330097086
785,5,812,0.0012135922330097086
786,5,813,0.0012135922330097086
787,5,814,0.0012135922330097086
788,5,815,0.0012135922330097086
789,5,816,0.0012135922330097086
790,5,817,0.0012135922330097086
791,5,818,0.0012135922330097086
792,5,819,0.0012135922330097086
793,5,820,0.0012135922330097086
794,5,821,0.0012135922330097086
795,5,822,0.0012135922330097086
796,5,823,0.0012135922330097086
797,5,824,0.0012135922330097086
798,5,825,0.0012135922330097086
799,5,826,0.0012135922330097086
800,5,827,0.0012135922330097086
801,5,828,0.0012135922330097086
802,5,829,0.0012135922330097086
803,5,830,0.0012135922330097086
804,5,831,0.0012135922330097086
805,5,832,0.0012135922330097086
806,5,833,0.0012135922330097086
807,5,834,0.0012135922330097086
808,5,835,0.0012135922330097086
809,5,836,0.0012135922330097086
810,5,837,0.0012135922330097086
811,5,838,0.0012135922330097086
812,5,839,0.0012135922330097086
813,5,840,0.0012135922330097086
814,5,841,0.0012135922330097086
815,5,842,0.0012135922330097086
816,5,843,0.0012135922330097086
817,5,844,0.0012135922330097086
818,5,845,0.0012135922330097086
819,5,846,0.0012135922330097086
820,5,847,0.0012135922330097086
821,5,848,0.0012135922330097086
822,5,849,0.0012135922330097086
823,5,850,0.0012135922330097086
824,22,1851,0.5
825,2,25,0.5
826,12,960,0.5
827,7,894,0.5
828,6,851,0.022727272727272728
829,6,852,0.022727272727272728
830,6,853,0.022727272727272728
831,6,854,0.022727272727272728
832,6,855,0.022727272727272728
833,6,856,0.022727272727272728
834,6,857,0.022727272727272728
835,6,858,0.022727272727272728
836,6,859,0.022727272727272728
837,6,860,0.022727272727272728
838,6,861,0.022727272727272728
839,6,862,0.022727272727272728
840,6,863,0.022727272727272728
841,6,864,0.022727272727272728
842,6,865,0.022727272727272728
843,6,866,0.022727272727272728
844,6,867,0.022727272727272728
845,6,868,0.022727272727272728
846,6,869,0.022727272727272728
847,6,870,0.022727272727272728
848,6,871,0.022727272727272728
849,6,872,0.022727272727272728
850,6,873,0.022727272727272728
851,6,874,0.022727272727272728
852,6,875,0.022727272727272728
853,6,876,0.022727272727272728
854,6,877,0.022727272727272728
855,6,878,0.022727272727272728
856,6,879,0.022727272727272728
857,6,880,0.022727272727272728
858,6,881,0.022727272727272728
859,6,882,0.022727272727272728
860,6,883,0.022727272727272728
861,6,884,0.022727272727272728
862,6,885,0.022727272727272728
863,6,886,0.022727272727272728
864,6,887,0.022727272727272728
865,6,888,0.022727272727272728
866,6,889,0.022727272727272728
867,6,890,0.022727272727272728
868,6,891,0.022727272727272728
869,6,892,0.022727272727272728
870,6,893,0.022727272727272728
871,15,963,0.125
872,15,964,0.125
873,15,965,0.125
874,15,966,0.125
875,15,967,0.125
876,15,968,0.125
877,15,969,0.125
878,21,981,0.001148105625717566
879,21,982,0.001148105625717566
880,21,983,0.001148105625717566
881,21,984,0.001148105625717566
882,21,985,0.001148105625717566
883,21,986,0.001148105625717566
884,21,987,0.001148105625717566
885,21,988,0.001148105625717566
886,21,989,0.001148105625717566
887,21,990,0.001148105625717566
888,21,991,0.001148105625717566
889,21,992,0.001148105625717566
890,21,993,0.001148105625717566
891,21,994,0.001148105625717566
892,21,995,0.001148105625717566
893,21,996,0.001148105625717566
894,21,997,0.001148105625717566
895,21,998,0.001148105625717566
896,21,999,0.001148105625717566
897,21,1000,0.001148105625717566
898,21,1001,0.001148105625717566
899,21,1002,0.001148105625717566
900,21,1003,0.001148105625717566
901,21,1004,0.001148105625717566
902,21,1005,0.001148105625717566
903,21,1006,0.001148105625717566
904,21,1007,0.001148105625717566
905,21,1008,0.001148105625717566
906,21,1009,0.001148105625717566
907,21,1010,0.001148105625717566
908,21,1011,0.001148105625717566
909,21,1012,0.001148105625717566
910,21,1013,0.001148105625717566
911,21,1014,0.001148105625717566
912,21,1015,0.001148105625717566
913,21,1016,0.001148105625717566
914,21,1017,0.001148105625717566
915,21,1018,0.001148105625717566
916,21,1019,0.001148105625717566
917,21,1020,0.001148105625717566
918,21,1021,0.001148105625717566
919,21,1022,0.001148105625717566
920,21,1023,0.001148105625717566
921,21,1024,0.001148105625717566
922,21,1025,0.001148105625717566
923,21,1026,0.001148105625717566
924,21,1027,0.001148105625717566
925,21,1028,0.001148105625717566
926,21,1029,0.001148105625717566
927,21,1030,0.001148105625717566
928,21,1031,0.001148105625717566
929,21,1032,0.001148105625717566
930,21,1033,0.001148105625717566
931,21,1034,0.001148105625717566
932,21,1035,0.001148105625717566
933,21,1036,0.001148105625717566
934,21,1037,0.001148105625717566
935,21,1038,0.001148105625717566
936,21,1039,0.001148105625717566
937,21,1040,0.001148105625717566
938,21,1041,0.001148105625717566
939,21,1042,0.001148105625717566
940,21,1043,0.001148105625717566
941,21,1044,0.001148105625717566
942,21,1045,0.001148105625717566
943,21,1046,0.001148105625717566
944,21,1047,0.001148105625717566
945,21,1048,0.001148105625717566
946,21,1049,0.001148105625717566
947,21,1050,0.001148105625717566
948,21,1051,0.001148105625717566
949,21,1052,0.001148105625717566
950,21,1053,0.001148105625717566
951,21,1054,0.001148105625717566
952,21,1055,0.001148105625717566
953,21,1056,0.001148105625717566
954,21,1057,0.001148105625717566
955,21,1058,0.001148105625717566
956,21,1059,0.001148105625717566
957,21,1060,0.001148105625717566
958,21,1061,0.001148105625717566
959,21,1062,0.001148105625717566
960,21,1063,0.001148105625717566
961,21,1064,0.001148105625717566
962,21,1065,0.001148105625717566
963,21,1066,0.001148105625717566
964,21,1067,0.001148105625717566
965,21,1068,0.001148105625717566
966,21,1069,0.001148105625717566
967,21,1070,0.001148105625717566
968,21,1071,0.001148105625717566
969,21,1072,0.001148105625717566
970,21,1073,0.001148105625717566
971,21,1074,0.001148105625717566
972,21,1075,0.001148105625717566
973,21,1076,0.001148105625717566
974,21,1077,0.001148105625717566
975,21,1078,0.001148105625717566
976,21,1079,0.001148105625717566
977,21,1080,0.001148105625717566
978,21,1081,0.001148105625717566
979,21,1082,0.001148105625717566
980,21,1083,0.001148105625717566
981,21,1084,0.001148105625717566
982,21,1085,0.001148105625717566
983,21,1086,0.001148105625717566
984,21,1087,0.001148105625717566
985,21,1088,0.001148105625717566
986,21,1089,0.001148105625717566
987,21,1090,0.001148105625717566
988,21,1091,0.001148105625717566
989,21,1092,0.001148105625717566
990,21,1093,0.001148105625717566
991,21,1094,0.001148105625717566
992,21,1095,0.001148105625717566
993,21,1096,0.001148105625717566
994,21,1097,0.001148105625717566
995,21,1098,0.001148105625717566
996,21,1099,0.001148105625717566
997,21,1100,0.001148105625717566
998,21,1101,0.001148105625717566
999,21,1102,0.001148105625717566
1000,21,1103,0.001148105625717566
1001,21,1104,0.001148105625717566
1002,21,1105,0.001148105625717566
1003,21,1106,0.001148105625717566
1004,21,1107,0.001148105625717566
1005,21,1108,0.001148105625717566
1006,21,1109,0.001148105625717566
1007,21,1110,0.001148105625717566
1008,21,1111,0.001148105625717566
1009,21,1112,0.001148105625717566
1010,21,1113,0.001148105625717566
1011,21,1114,0.001148105625717566
1012,21,1115,0.001148105625717566
1013,21,1116,0.001148105625717566
1014,21,1117,0.001148105625717566
1015,21,1118,0.001148105625717566
1016,21,1119,0.001148105625717566
1017,21,1120,0.001148105625717566
1018,21,1121,0.001148105625717566
1019,21,1122,0.001148105625717566
1020,21,1123,0.001148105625717566
1021,21,1124,0.001148105625717566
1022,21,1125,0.001148105625717566
1023,21,1126,0.001148105625717566
1024,21,1127,0.001148105625717566
1025,21,1128,0.001148105625717566
1026,21,1129,0.001148105625717566
1027,21,1130,0.001148105625717566
1028,21,1131,0.001148105625717566
1029,21,1132,0.001148105625717566
1030,21,1133,0.001148105625717566
1031,21,1134,0.001148105625717566
1032,21,1135,0.001148105625717566
1033,21,1136,0.001148105625717566
1034,21,1137,0.001148105625717566
1035,21,1138,0.001148105625717566
1036,21,1139,0.001148105625717566
1037,21,1140,0.001148105625717566
1038,21,1141,0.001148105625717566
1039,21,1142,0.001148105625717566
1040,21,1143,0.001148105625717566
1041,21,1144,0.001148105625717566
1042,21,1145,0.001148105625717566
1043,21,1146,0.001148105625717566
1044,21,1147,0.001148105625717566
1045,21,1148,0.001148105625717566
1046,21,1149,0.001148105625717566
1047,21,1150,0.001148105625717566
1048,21,1151,0.001148105625717566
1049,21,1152,0.001148105625717566
1050,21,1153,0.001148105625717566
1051,21,1154,0.001148105625717566
1052,21,1155,0.001148105625717566
1053,21,1156,0.001148105625717566
1054,21,1157,0.001148105625717566
1055,21,1158,0.001148105625717566
1056,21,1159,0.001148105625717566
1057,21,1160,0.001148105625717566
1058,21,1161,0.001148105625717566
1059,21,1162,0.001148105625717566
1060,21,1163,0.001148105625717566
1061,21,1164,0.001148105625717566
1062,21,1165,0.001148105625717566
1063,21,1166,0.001148105625717566
1064,21,1167,0.001148105625717566
1065,21,1168,0.001148105625717566
1066,21,1169,0.001148105625717566
1067,21,1170,0.001148105625717566
1068,21,1171,0.001148105625717566
1069,21,1172,0.001148105625717566
1070,21,1173,0.001148105625717566
1071,21,1174,0.001148105625717566
1072,21,1175,0.001148105625717566
1073,21,1176,0.001148105625717566
1074,21,1177,0.001148105625717566
1075,21,1178,0.001148105625717566
1076,21,1179,0.001148105625717566
1077,21,1180,0.001148105625717566
1078,21,1181,0.001148105625717566
1079,21,1182,0.001148105625717566
1080,21,1183,0.001148105625717566
1081,21,1184,0.001148105625717566
1082,21,1185,0.001148105625717566
1083,21,1186,0.001148105625717566
1084,21,1187,0.001148105625717566
1085,21,1188,0.001148105625717566
1086,21,1189,0.001148105625717566
1087,21,1190,0.001148105625717566
1088,21,1191,0.001148105625717566
1089,21,1192,0.001148105625717566
1090,21,1193,0.001148105625717566
1091,21,1194,0.001148105625717566
1092,21,1195,0.001148105625717566
1093,21,1196,0.001148105625717566
1094,21,1197,0.001148105625717566
1095,21,1198,0.001148105625717566
1096,21,1199,0.001148105625717566
1097,21,1200,0.001148105625717566
1098,21,1201,0.001148105625717566
1099,21,1202,0.001148105625717566
1100,21,1203,0.001148105625717566
1101,21,1204,0.001148105625717566
1102,21,1205,0.001148105625717566
1103,21,1206,0.001148105625717566
1104,21,1207,0.001148105625717566
1105,21,1208,0.001148105625717566
1106,21,1209,0.001148105625717566
1107,21,1210,0.001148105625717566
1108,21,1211,0.001148105625717566
1109,21,1212,0.001148105625717566
1110,21,1213,0.001148105625717566
1111,21,1214,0.001148105625717566
1112,21,1215,0.001148105625717566
1113,21,1216,0.001148105625717566
1114,21,1217,0.001148105625717566
1115,21,1218,0.001148105625717566
1116,21,1219,0.001148105625717566
1117,21,1220,0.001148105625717566
1118,21,1221,0.001148105625717566
1119,21,1222,0.001148105625717566
1120,21,1223,0.001148105625717566
1121,21,1224,0.001148105625717566
1122,21,1225,0.001148105625717566
1123,21,1226,0.001148105625717566
1124,21,1227,0.001148105625717566
1125,21,1228,0.001148105625717566
1126,21,1229,0.001148105625717566
1127,21,1230,0.001148105625717566
1128,21,1231,0.001148105625717566
1129,21,1232,0.001148105625717566
1130,21,1233,0.001148105625717566
1131,21,1234,0.001148105625717566
1132,21,1235,0.001148105625717566
1133,21,1236,0.001148105625717566
1134,21,1237,0.001148105625717566
1135,21,1238,0.001148105625717566
1136,21,1239,0.001148105625717566
1137,21,1240,0.001148105625717566
1138,21,1241,0.001148105625717566
1139,21,1242,0.001148105625717566
1140,21,1243,0.001148105625717566
1141,21,1244,0.001148105625717566
1142,21,1245,0.001148105625717566
1143,21,1246,0.001148105625717566
1144,21,1247,0.001148105625717566
1145,21,1248,0.001148105625717566
1146,21,1249,0.001148105625717566
1147,21,1250,0.001148105625717566
1148,21,1251,0.001148105625717566
1149,21,1252,0.001148105625717566
1150,21,1253,0.001148105625717566
1151,21,1254,0.001148105625717566
1152,21,1255,0.001148105625717566
1153,21,1256,0.001148105625717566
1154,21,1257,0.001148105625717566
1155,21,1258,0.001148105625717566
1156,21,1259,0.001148105625717566
1157,21,1260,0.001148105625717566
1158,21,1261,0.001148105625717566
1159,21,1262,0.001148105625717566
1160,21,1263,0.001148105625717566
1161,21,1264,0.001148105625717566
1162,21,1265,0.001148105625717566
1163,21,1266,0.001148105625717566
1164,21,1267,0.001148105625717566
1165,21,1268,0.001148105625717566
1166,21,1269,0.001148105625717566
1167,21,1270,0.001148105625717566
1168,21,1271,0.001148105625717566
1169,21,1272,0.001148105625717566
1170,21,1273,0.001148105625717566
1171,21,1274,0.001148105625717566
1172,21,1275,0.001148105625717566
1173,21,1276,0.001148105625717566
1174,21,1277,0.001148105625717566
1175,21,1278,0.001148105625717566
1176,21,1279,0.001148105625717566
1177,21,1280,0.001148105625717566
1178,21,1281,0.001148105625717566
1179,21,1282,0.001148105625717566
1180,21,1283,0.001148105625717566
1181,21,1284,0.001148105625717566
1182,21,1285,0.001148105625717566
1183,21,1286,0.001148105625717566
1184,21,1287,0.001148105625717566
1185,21,1288,0.001148105625717566
1186,21,1289,0.001148105625717566
1187,21,1290,0.001148105625717566
1188,21,1291,0.001148105625717566
1189,21,1292,0.001148105625717566
1190,21,1293,0.001148105625717566
1191,21,1294,0.001148105625717566
1192,21,1295,0.001148105625717566
1193,21,1296,0.001148105625717566
1194,21,1297,0.001148105625717566
1195,21,1298,0.001148105625717566
1196,21,1299,0.001148105625717566
1197,21,1300,0.001148105625717566
1198,21,1301,0.001148105625717566
1199,21,1302,0.001148105625717566
1200,21,1303,0.001148105625717566
1201,21,1304,0.001148105625717566
1202,21,1305,0.001148105625717566
1203,21,1306,0.001148105625717566
1204,21,1307,0.001148105625717566
1205,21,1308,0.001148105625717566
1206,21,1309,0.001148105625717566
1207,21,1310,0.001148105625717566
1208,21,1311,0.001148105625717566
1209,21,1312,0.001148105625717566
1210,21,1313,0.001148105625717566
1211,21,1314,0.001148105625717566
1212,21,1315,0.001148105625717566
1213,21,1316,0.001148105625717566
1214,21,1317,0.001148105625717566
1215,21,1318,0.001148105625717566
1216,21,1319,0.001148105625717566
1217,21,1320,0.001148105625717566
1218,21,1321,0.001148105625717566
1219,21,1322,0.001148105625717566
1220,21,1323,0.001148105625717566
1221,21,1324,0.001148105625717566
1222,21,1325,0.001148105625717566
1223,21,1326,0.001148105625717566
1224,21,1327,0.001148105625717566
1225,21,1328,0.001148105625717566
1226,21,1329,0.001148105625717566
1227,21,1330,0.001148105625717566
1228,21,1331,0.001148105625717566
1229,21,1332,0.001148105625717566
1230,21,1333,0.001148105625717566
1231,21,1334,0.001148105625717566
1232,21,1335,0.001148105625717566
1233,21,1336,0.001148105625717566
1234,21,1337,0.001148105625717566
1235,21,1338,0.001148105625717566
1236,21,1339,0.001148105625717566
1237,21,1340,0.001148105625717566
1238,21,1341,0.001148105625717566
1239,21,1342,0.001148105625717566
1240,21,1343,0.001148105625717566
1241,21,1344,0.001148105625717566
1242,21,1345,0.001148105625717566
1243,21,1346,0.001148105625717566
1244,21,1347,0.001148105625717566
1245,21,1348,0.001148105625717566
1246,21,1349,0.001148105625717566
1247,21,1350,0.001148105625717566
1248,21,1351,0.001148105625717566
1249,21,1352,0.001148105625717566
1250,21,1353,0.001148105625717566
1251,21,1354,0.001148105625717566
1252,21,1355,0.001148105625717566
1253,21,1356,0.001148105625717566
1254,21,1357,0.001148105625717566
1255,21,1358,0.001148105625717566
1256,21,1359,0.001148105625717566
1257,21,1360,0.001148105625717566
1258,21,1361,0.001148105625717566
1259,21,1362,0.001148105625717566
1260,21,1363,0.001148105625717566
1261,21,1364,0.001148105625717566
1262,21,1365,0.001148105625717566
1263,21,1366,0.001148105625717566
1264,21,1367,0.001148105625717566
1265,21,1368,0.001148105625717566
1266,21,1369,0.001148105625717566
1267,21,1370,0.001148105625717566
1268,21,1371,0.001148105625717566
1269,21,1372,0.001148105625717566
1270,21,1373,0.001148105625717566
1271,21,1374,0.001148105625717566
1272,21,1375,0.001148105625717566
1273,21,1376,0.001148105625717566
1274,21,1377,0.001148105625717566
1275,21,1378,0.001148105625717566
1276,21,1379,0.001148105625717566
1277,21,1380,0.001148105625717566
1278,21,1381,0.001148105625717566
1279,21,1382,0.001148105625717566
1280,21,1383,0.001148105625717566
1281,21,1384,0.001148105625717566
1282,21,1385,0.001148105625717566
1283,21,1386,0.001148105625717566
1284,21,1387,0.001148105625717566
1285,21,1388,0.001148105625717566
1286,21,1389,0.001148105625717566
1287,21,1390,0.001148105625717566
1288,21,1391,0.001148105625717566
1289,21,1392,0.001148105625717566
1290,21,1393,0.001148105625717566
1291,21,1394,0.001148105625717566
1292,21,1395,0.001148105625717566
1293,21,1396,0.001148105625717566
1294,21,1397,0.001148105625717566
1295,21,1398,0.001148105625717566
1296,21,1399,0.001148105625717566
1297,21,1400,0.001148105625717566
1298,21,1401,0.001148105625717566
1299,21,1402,0.001148105625717566
1300,21,1403,0.001148105625717566
1301,21,1404,0.001148105625717566
1302,21,1405,0.001148105625717566
1303,21,1406,0.001148105625717566
1304,21,1407,0.001148105625717566
1305,21,1408,0.001148105625717566
1306,21,1409,0.001148105625717566
1307,21,1410,0.001148105625717566
1308,21,1411,0.001148105625717566
1309,21,1412,0.001148105625717566
1310,21,1413,0.001148105625717566
1311,21,1414,0.001148105625717566
1312,21,1415,0.001148105625717566
1313,21,1416,0.001148105625717566
1314,21,1417,0.001148105625717566
1315,21,1418,0.001148105625717566
1316,21,1419,0.001148105625717566
1317,21,1420,0.001148105625717566
1318,21,1421,0.001148105625717566
1319,21,1422,0.001148105625717566
1320,21,1423,0.001148105625717566
1321,21,1424,0.001148105625717566
1322,21,1425,0.001148105625717566
1323,21,1426,0.001148105625717566
1324,21,1427,0.001148105625717566
1325,21,1428,0.001148105625717566
1326,21,1429,0.001148105625717566
1327,21,1430,0.001148105625717566
1328,21,1431,0.001148105625717566
1329,21,1432,0.001148105625717566
1330,21,1433,0.001148105625717566
1331,21,1434,0.001148105625717566
1332,21,1435,0.001148105625717566
1333,21,1436,0.001148105625717566
1334,21,1437,0.001148105625717566
1335,21,1438,0.001148105625717566
1336,21,1439,0.001148105625717566
1337,21,1440,0.001148105625717566
1338,21,1441,0.001148105625717566
1339,21,1442,0.001148105625717566
1340,21,1443,0.001148105625717566
1341,21,1444,0.001148105625717566
1342,21,1445,0.001148105625717566
1343,21,1446,0.001148105625717566
1344,21,1447,0.001148105625717566
1345,21,1448,0.001148105625717566
1346,21,1449,0.001148105625717566
1347,21,1450,0.001148105625717566
1348,21,1451,0.001148105625717566
1349,21,1452,0.001148105625717566
1350,21,1453,0.001148105625717566
1351,21,1454,0.001148105625717566
1352,21,1455,0.001148105625717566
1353,21,1456,0.001148105625717566
1354,21,1457,0.001148105625717566
1355,21,1458,0.001148105625717566
1356,21,1459,0.001148105625717566
1357,21,1460,0.001148105625717566
1358,21,1461,0.001148105625717566
1359,21,1462,0.001148105625717566
1360,21,1463,0.001148105625717566
1361,21,1464,0.001148105625717566
1362,21,1465,0.001148105625717566
1363,21,1466,0.001148105625717566
1364,21,1467,0.001148105625717566
1365,21,1468,0.001148105625717566
1366,21,1469,0.001148105625717566
1367,21,1470,0.001148105625717566
1368,21,1471,0.001148105625717566
1369,21,1472,0.001148105625717566
1370,21,1473,0.001148105625717566
1371,21,1474,0.001148105625717566
1372,21,1475,0.001148105625717566
1373,21,1476,0.001148105625717566
1374,21,1477,0.001148105625717566
1375,21,1478,0.001148105625717566
1376,21,1479,0.001148105625717566
1377,21,1480,0.001148105625717566
1378,21,1481,0.001148105625717566
1379,21,1482,0.001148105625717566
1380,21,1483,0.001148105625717566
1381,21,1484,0.001148105625717566
1382,21,1485,0.001148105625717566
1383,21,1486,0.001148105625717566
1384,21,1487,0.001148105625717566
1385,21,1488,0.001148105625717566
1386,21,1489,0.001148105625717566
1387,21,1490,0.001148105625717566
1388,21,1491,0.001148105625717566
1389,21,1492,0.001148105625717566
1390,21,1493,0.001148105625717566
1391,21,1494,0.001148105625717566
1392,21,1495,0.001148105625717566
1393,21,1496,0.001148105625717566
1394,21,1497,0.001148105625717566
1395,21,1498,0.001148105625717566
1396,21,1499,0.001148105625717566
1397,21,1500,0.001148105625717566
1398,21,1501,0.001148105625717566
1399,21,1502,0.001148105625717566
1400,21,1503,0.001148105625717566
1401,21,1504,0.001148105625717566
1402,21,1505,0.001148105625717566
1403,21,1506,0.001148105625717566
1404,21,1507,0.001148105625717566
1405,21,1508,0.001148105625717566
1406,21,1509,0.001148105625717566
1407,21,1510,0.001148105625717566
1408,21,1511,0.001148105625717566
1409,21,1512,0.001148105625717566
1410,21,1513,0.001148105625717566
1411,21,1514,0.001148105625717566
1412,21,1515,0.001148105625717566
1413,21,1516,0.001148105625717566
1414,21,1517,0.001148105625717566
1415,21,1518,0.001148105625717566
1416,21,1519,0.001148105625717566
1417,21,1520,0.001148105625717566
1418,21,1521,0.001148105625717566
1419,21,1522,0.001148105625717566
1420,21,1523,0.001148105625717566
1421,21,1524,0.001148105625717566
1422,21,1525,0.001148105625717566
1423,21,1526,0.001148105625717566
1424,21,1527,0.001148105625717566
1425,21,1528,0.001148105625717566
1426,21,1529,0.001148105625717566
1427,21,1530,0.001148105625717566
1428,21,1531,0.001148105625717566
1429,21,1532,0.001148105625717566
1430,21,1533,0.001148105625717566
1431,21,1534,0.001148105625717566
1432,21,1535,0.001148105625717566
1433,21,1536,0.001148105625717566
1434,21,1537,0.001148105625717566
1435,21,1538,0.001148105625717566
1436,21,1539,0.001148105625717566
1437,21,1540,0.001148105625717566
1438,21,1541,0.001148105625717566
1439,21,1542,0.001148105625717566
1440,21,1543,0.001148105625717566
1441,21,1544,0.001148105625717566
1442,21,1545,0.001148105625717566
1443,21,1546,0.001148105625717566
1444,21,1547,0.001148105625717566
1445,21,1548,0.001148105625717566
1446,21,1549,0.001148105625717566
1447,21,1550,0.001148105625717566
1448,21,1551,0.001148105625717566
1449,21,1552,0.001148105625717566
1450,21,1553,0.001148105625717566
1451,21,1554,0.001148105625717566
1452,21,1555,0.001148105625717566
1453,21,1556,0.001148105625717566
1454,21,1557,0.001148105625717566
1455,21,1558,0.001148105625717566
1456,21,1559,0.001148105625717566
1457,21,1560,0.001148105625717566
1458,21,1561,0.001148105625717566
1459,21,1562,0.001148105625717566
1460,21,1563,0.001148105625717566
1461,21,1564,0.001148105625717566
1462,21,1565,0.001148105625717566
1463,21,1566,0.001148105625717566
1464,21,1567,0.001148105625717566
1465,21,1568,0.001148105625717566
1466,21,1569,0.001148105625717566
1467,21,1570,0.001148105625717566
1468,21,1571,0.001148105625717566
1469,21,1572,0.001148105625717566
1470,21,1573,0.001148105625717566
1471,21,1574,0.001148105625717566
1472,21,1575,0.001148105625717566
1473,21,1576,0.001148105625717566
1474,21,1577,0.001148105625717566
1475,21,1578,0.001148105625717566
1476,21,1579,0.001148105625717566
1477,21,1580,0.001148105625717566
1478,21,1581,0.001148105625717566
1479,21,1582,0.001148105625717566
1480,21,1583,0.001148105625717566
1481,21,1584,0.001148105625717566
1482,21,1585,0.001148105625717566
1483,21,1586,0.001148105625717566
1484,21,1587,0.001148105625717566
1485,21,1588,0.001148105625717566
1486,21,1589,0.001148105625717566
1487,21,1590,0.001148105625717566
1488,21,1591,0.001148105625717566
1489,21,1592,0.001148105625717566
1490,21,1593,0.001148105625717566
1491,21,1594,0.001148105625717566
1492,21,1595,0.001148105625717566
1493,21,1596,0.001148105625717566
1494,21,1597,0.001148105625717566
1495,21,1598,0.001148105625717566
1496,21,1599,0.001148105625717566
1497,21,1600,0.001148105625717566
1498,21,1601,0.001148105625717566
1499,21,1602,0.001148105625717566
1500,21,1603,0.001148105625717566
1501,21,1604,0.001148105625717566
1502,21,1605,0.001148105625717566
1503,21,1606,0.001148105625717566
1504,21,1607,0.001148105625717566
1505,21,1608,0.001148105625717566
1506,21,1609,0.001148105625717566
1507,21,1610,0.001148105625717566
1508,21,1611,0.001148105625717566
1509,21,1612,0.001148105625717566
1510,21,1613,0.001148105625717566
1511,21,1614,0.001148105625717566
1512,21,1615,0.001148105625717566
1513,21,1616,0.001148105625717566
1514,21,1617,0.001148105625717566
1515,21,1618,0.001148105625717566
1516,21,1619,0.001148105625717566
1517,21,1620,0.001148105625717566
1518,21,1621,0.001148105625717566
1519,21,1622,0.001148105625717566
1520,21,1623,0.001148105625717566
1521,21,1624,0.001148105625717566
1522,21,1625,0.001148105625717566
1523,21,1626,0.001148105625717566
1524,21,1627,0.001148105625717566
1525,21,1628,0.001148105625717566
1526,21,1629,0.001148105625717566
1527,21,1630,0.001148105625717566
1528,21,1631,0.001148105625717566
1529,21,1632,0.001148105625717566
1530,21,1633,0.001148105625717566
1531,21,1634,0.001148105625717566
1532,21,1635,0.001148105625717566
1533,21,1636,0.001148105625717566
1534,21,1637,0.001148105625717566
1535,21,1638,0.001148105625717566
1536,21,1639,0.001148105625717566
1537,21,1640,0.001148105625717566
1538,21,1641,0.001148105625717566
1539,21,1642,0.001148105625717566
1540,21,1643,0.001148105625717566
1541,21,1644,0.001148105625717566
1542,21,1645,0.001148105625717566
1543,21,1646,0.001148105625717566
1544,21,1647,0.001148105625717566
1545,21,1648,0.001148105625717566
1546,21,1649,0.001148105625717566
1547,21,1650,0.001148105625717566
1548,21,1651,0.001148105625717566
1549,21,1652,0.001148105625717566
1550,21,1653,0.001148105625717566
1551,21,1654,0.001148105625717566
1552,21,1655,0.001148105625717566
1553,21,1656,0.001148105625717566
1554,21,1657,0.001148105625717566
1555,21,1658,0.001148105625717566
1556,21,1659,0.001148105625717566
1557,21,1660,0.001148105625717566
1558,21,1661,0.001148105625717566
1559,21,1662,0.001148105625717566
1560,21,1663,0.001148105625717566
1561,21,1664,0.001148105625717566
1562,21,1665,0.001148105625717566
1563,21,1666,0.001148105625717566
1564,21,1667,0.001148105625717566
1565,21,1668,0.001148105625717566
1566,21,1669,0.001148105625717566
1567,21,1670,0.001148105625717566
1568,21,1671,0.001148105625717566
1569,21,1672,0.001148105625717566
1570,21,1673,0.001148105625717566
1571,21,1674,0.001148105625717566
1572,21,1675,0.001148105625717566
1573,21,1676,0.001148105625717566
1574,21,1677,0.001148105625717566
1575,21,1678,0.001148105625717566
1576,21,1679,0.001148105625717566
1577,21,1680,0.001148105625717566
1578,21,1681,0.001148105625717566
1579,21,1682,0.001148105625717566
1580,21,1683,0.001148105625717566
1581,21,1684,0.001148105625717566
1582,21,1685,0.001148105625717566
1583,21,1686,0.001148105625717566
1584,21,1687,0.001148105625717566
1585,21,1688,0.001148105625717566
1586,21,1689,0.001148105625717566
1587,21,1690,0.001148105625717566
1588,21,1691,0.001148105625717566
1589,21,1692,0.001148105625717566
1590,21,1693,0.001148105625717566
1591,21,1694,0.001148105625717566
1592,21,1695,0.001148105625717566
1593,21,1696,0.001148105625717566
1594,21,1697,0.001148105625717566
1595,21,1698,0.001148105625717566
1596,21,1699,0.001148105625717566
1597,21,1700,0.001148105625717566
1598,21,1701,0.001148105625717566
1599,21,1702,0.001148105625717566
1600,21,1703,0.001148105625717566
1601,21,1704,0.001148105625717566
1602,21,1705,0.001148105625717566
1603,21,1706,0.001148105625717566
1604,21,1707,0.001148105625717566
1605,21,1708,0.001148105625717566
1606,21,1709,0.001148105625717566
1607,21,1710,0.001148105625717566
1608,21,1711,0.001148105625717566
1609,21,1712,0.001148105625717566
1610,21,1713,0.001148105625717566
1611,21,1714,0.001148105625717566
1612,21,1715,0.001148105625717566
1613,21,1716,0.001148105625717566
1614,21,1717,0.001148105625717566
1615,21,1718,0.001148105625717566
1616,21,1719,0.001148105625717566
1617,21,1720,0.001148105625717566
1618,21,1721,0.001148105625717566
1619,21,1722,0.001148105625717566
1620,21,1723,0.001148105625717566
1621,21,1724,0.001148105625717566
1622,21,1725,0.001148105625717566
1623,21,1726,0.001148105625717566
1624,21,1727,0.001148105625717566
1625,21,1728,0.001148105625717566
1626,21,1729,0.001148105625717566
1627,21,1730,0.001148105625717566
1628,21,1731,0.001148105625717566
1629,21,1732,0.001148105625717566
1630,21,1733,0.001148105625717566
1631,21,1734,0.001148105625717566
1632,21,1735,0.001148105625717566
1633,21,1736,0.001148105625717566
1634,21,1737,0.001148105625717566
1635,21,1738,0.001148105625717566
1636,21,1739,0.001148105625717566
1637,21,1740,0.001148105625717566
1638,21,1741,0.001148105625717566
1639,21,1742,0.001148105625717566
1640,21,1743,0.001148105625717566
1641,21,1744,0.001148105625717566
1642,21,1745,0.001148105625717566
1643,21,1746,0.001148105625717566
1644,21,1747,0.001148105625717566
1645,21,1748,0.001148105625717566
1646,21,1749,0.001148105625717566
1647,21,1750,0.001148105625717566
1648,21,1751,0.001148105625717566
1649,21,1752,0.001148105625717566
1650,21,1753,0.001148105625717566
1651,21,1754,0.001148105625717566
1652,21,1755,0.001148105625717566
1653,21,1756,0.001148105625717566
1654,21,1757,0.001148105625717566
1655,21,1758,0.001148105625717566
1656,21,1759,0.001148105625717566
1657,21,1760,0.001148105625717566
1658,21,1761,0.001148105625717566
1659,21,1762,0.001148105625717566
1660,21,1763,0.001148105625717566
1661,21,1764,0.001148105625717566
1662,21,1765,0.001148105625717566
1663,21,1766,0.001148105625717566
1664,21,1767,0.001148105625717566
1665,21,1768,0.001148105625717566
1666,21,1769,0.001148105625717566
1667,21,1770,0.001148105625717566
1668,21,1771,0.001148105625717566
1669,21,1772,0.001148105625717566
1670,21,1773,0.001148105625717566
1671,21,1774,0.001148105625717566
1672,21,1775,0.001148105625717566
1673,21,1776,0.001148105625717566
1674,21,1777,0.001148105625717566
1675,21,1778,0.001148105625717566
1676,21,1779,0.001148105625717566
1677,21,1780,0.001148105625717566
1678,21,1781,0.001148105625717566
1679,21,1782,0.001148105625717566
1680,21,1783,0.001148105625717566
1681,21,1784,0.001148105625717566
1682,21,1785,0.001148105625717566
1683,21,1786,0.001148105625717566
1684,21,1787,0.001148105625717566
1685,21,1788,0.001148105625717566
1686,21,1789,0.001148105625717566
1687,21,1790,0.001148105625717566
1688,21,1791,0.001148105625717566
1689,21,1792,0.001148105625717566
1690,21,1793,0.001148105625717566
1691,21,1794,0.001148105625717566
1692,21,1795,0.001148105625717566
1693,21,1796,0.001148105625717566
1694,21,1797,0.001148105625717566
1695,21,1798,0.001148105625717566
1696,21,1799,0.001148105625717566
1697,21,1800,0.001148105625717566
1698,21,1801,0.001148105625717566
1699,21,1802,0.001148105625717566
1700,21,1803,0.001148105625717566
1701,21,1804,0.001148105625717566
1702,21,1805,0.001148105625717566
1703,21,1806,0.001148105625717566
1704,21,1807,0.001148105625717566
1705,21,1808,0.001148105625717566
1706,21,1809,0.001148105625717566
1707,21,1810,0.001148105625717566
1708,21,1811,0.001148105625717566
1709,21,1812,0.001148105625717566
1710,21,1813,0.001148105625717566
1711,21,1814,0.001148105625717566
1712,21,1815,0.001148105625717566
1713,21,1816,0.001148105625717566
1714,21,1817,0.001148105625717566
1715,21,1818,0.001148105625717566
1716,21,1819,0.001148105625717566
1717,21,1820,0.001148105625717566
1718,21,1821,0.001148105625717566
1719,21,1822,0.001148105625717566
1720,21,1823,0.001148105625717566
1721,21,1824,0.001148105625717566
1722,21,1825,0.001148105625717566
1723,21,1826,0.001148105625717566
1724,21,1827,0.001148105625717566
1725,21,1828,0.001148105625717566
1726,21,1829,0.001148105625717566
1727,21,1830,0.001148105625717566
1728,21,1831,0.001148105625717566
1729,21,1832,0.001148105625717566
1730,21,1833,0.001148105625717566
1731,21,1834,0.001148105625717566
1732,21,1835,0.001148105625717566
1733,21,1836,0.001148105625717566
1734,21,1837,0.001148105625717566
1735,21,1838,0.001148105625717566
1736,21,1839,0.001148105625717566
1737,21,1840,0.001148105625717566
1738,21,1841,0.001148105625717566
1739,21,1842,0.001148105625717566
1740,21,1843,0.001148105625717566
1741,21,1844,0.001148105625717566
1742,21,1845,0.001148105625717566
1743,21,1846,0.001148105625717566
1744,21,1847,0.001148105625717566
1745,21,1848,0.001148105625717566
1746,21,1849,0.001148105625717566
1747,21,1850,0.001148105625717566
1748,3,26,0.5
1749,8,895,0.25
1750,8,896,0.25
1751,8,897,0.25
1752,4,27,0.5
1753,11,959,0.5
1754,20,980,0.5
1755,1,24,0.5
1756,10,899,0.01639344262295082
1757,10,900,0.01639344262295082
1758,10,901,0.01639344262295082
1759,10,902,0.01639344262295082
1760,10,903,0.01639344262295082
1761,10,904,0.01639344262295082
1762,10,905,0.01639344262295082
1763,10,906,0.01639344262295082
1764,10,907,0.01639344262295082
1765,10,908,0.01639344262295082
1766,10,909,0.01639344262295082
1767,10,910,0.01639344262295082
1768,10,911,0.01639344262295082
1769,10,912,0.01639344262295082
1770,10,913,0.01639344262295082
1771,10,914,0.01639344262295082
1772,10,915,0.01639344262295082
1773,10,916,0.01639344262295082
1774,10,917,0.01639344262295082
1775,10,918,0.01639344262295082
1776,10,919,0.01639344262295082
1777,10,920,0.01639344262295082
1778,10,921,0.01639344262295082
1779,10,922,0.01639344262295082
1780,10,923,0.01639344262295082
1781,10,924,0.01639344262295082
1782,10,925,0.01639344262295082
1783,10,926,0.01639344262295082
1784,10,927,0.01639344262295082
1785,10,928,0.01639344262295082
1786,10,929,0.01639344262295082
1787,10,930,0.01639344262295082
1788,10,931,0.01639344262295082
1789,10,932,0.01639344262295082
1790,10,933,0.01639344262295082
1791,10,934,0.01639344262295082
1792,10,935,0.01639344262295082
1793,10,936,0.01639344262295082
1794,10,937,0.01639344262295082
1795,10,938,0.01639344262295082
1796,10,939,0.01639344262295082
1797,10,940,0.01639344262295082
1798,10,941,0.01639344262295082
1799,10,942,0.01639344262295082
1800,10,943,0.01639344262295082
1801,10,944,0.01639344262295082
1802,10,945,0.01639344262295082
1803,10,946,0.01639344262295082
1804,10,947,0.01639344262295082
1805,10,948,0.01639344262295082
1806,10,949,0.01639344262295082
1807,10,950,0.01639344262295082
1808,10,951,0.01639344262295082
1809,10,952,0.01639344262295082
1810,10,953,0.01639344262295082
1811,10,954,0.01639344262295082
1812,10,955,0.01639344262295082
1813,10,956,0.01639344262295082
1814,10,957,0.01639344262295082
1815,10,958,0.01639344262295082
1816,13,961,0.5
1817,19,979,0.5
1818,18,978,0.5
1819,9,898,0.5
1820,17,972,0.14285714285714285
1821,17,973,0.14285714285714285
1822,17,974,0.14285714285714285
1823,17,975,0.14285714285714285
1824,17,976,0.14285714285714285
1825,17,977,0.14285714285714285
1826,14,962,0.5
1827,16,970,0.3333333333333333
1828,16,971,0.3333333333333333
